Team,offense_pa_Att,offense_pa_Cmp,offense_pa_Cmp %,offense_pa_Yds/Att,offense_pa_Pass Yds,offense_pa_TD,offense_pa_INT,offense_pa_Rate,offense_pa_1st,offense_pa_1st%,offense_pa_20,offense_pa_40,offense_pa_Lng,offense_pa_Sck,offense_pa_SckY,offense_ru_Att,offense_ru_Rush Yds,offense_ru_YPC,offense_ru_TD,offense_ru_20,offense_ru_40,offense_ru_Lng,offense_ru_Rush 1st,offense_ru_Rush 1st%,offense_ru_Rush FUM,offense_re_Rec,offense_re_Yds,offense_re_Yds/Rec,offense_re_TD,offense_re_20,offense_re_40,offense_re_Lng,offense_re_Rec 1st,offense_re_Rec 1st%,offense_re_Rec FUM,offense_do_3rd Att,offense_do_3rd Md,offense_do_4th Att,offense_do_4th Md,offense_do_Rec 1st,offense_do_Rec 1st%,offense_do_Rush 1st,offense_do_Rush 1st%,offense_do_Scrm Plys,offense_sc_Rsh TD,offense_sc_Rec TD,offense_sc_Tot TD,offense_sc_2-PT,defense_pa_Att,defense_pa_Cmp,defense_pa_Cmp %,defense_pa_Yds/Att,defense_pa_Yds,defense_pa_TD,defense_pa_INT,defense_pa_Rate,defense_pa_1st,defense_pa_1st%,defense_pa_20,defense_pa_40,defense_pa_Lng,defense_pa_Sck,defense_ru_Att,defense_ru_Rush Yds,defense_ru_YPC,defense_ru_TD,defense_ru_20,defense_ru_40,defense_ru_Lng,defense_ru_Rush 1st,defense_ru_Rush 1st%,defense_ru_Rush FUM,defense_re_Rec,defense_re_Yds,defense_re_Yds/Rec,defense_re_TD,defense_re_20,defense_re_40,defense_re_Lng,defense_re_Rec 1st,defense_re_Rec 1st%,defense_re_Rec FUM,defense_re_PDef,defense_in_INT,defense_in_INT TD,defense_in_INT Yds,defense_in_Lng,defense_fu_FF,defense_fu_FR,defense_fu_FR TD,defense_fu_Rec FUM,defense_fu_Rush FUM,defense_do_3rd Att,defense_do_3rd Md,defense_do_4th Att,defense_do_4th Md,defense_do_Rec 1st,defense_do_Rec 1st%,defense_do_Rush 1st,defense_do_Rush 1st%,defense_do_Scrm Plys,defense_ta_Sck,defense_ta_Comb,defense_ta_Asst,defense_ta_Solo,defense_sc_FR TD,defense_sc_SFTY,defense_sc_INT TD,specialteams_fe_FGM,specialteams_fe_Att,specialteams_fe_FG %,specialteams_fe_1-19 > A-M,specialteams_fe_20-29 > A-M,specialteams_fe_30-39 > A-M,specialteams_fe_40-49 > A-M,specialteams_fe_50-59 > A-M,specialteams_fe_60+ > A-M,specialteams_fe_Lng,specialteams_fe_FG Blk,specialteams_ki_Avg,specialteams_ki_Ret_x,specialteams_ki_Yds_x,specialteams_ki_KRet TD,specialteams_ki_20,specialteams_ki_40,specialteams_ki_Lng,specialteams_ki_FC,specialteams_ki_FUM,specialteams_ki_FG Blk,specialteams_ki_XP Blk,specialteams_pu_Avg_x,specialteams_pu_Ret_x,specialteams_pu_Yds_x,specialteams_pu_PRet T,specialteams_pu_20,specialteams_pu_40,specialteams_pu_Lng_x,specialteams_pu_FC_x,specialteams_pu_FUM,specialteams_pu_P Blk_x,specialteams_pu_Net Avg,specialteams_pu_Net Yds,specialteams_pu_Punts,specialteams_pu_Avg_y,specialteams_pu_Lng_y,specialteams_pu_Yds_y,specialteams_pu_IN 20,specialteams_pu_OOB,specialteams_pu_Dn,specialteams_pu_TB,specialteams_pu_FC_y,specialteams_pu_Ret_y,specialteams_pu_RetY,specialteams_pu_TD,specialteams_pu_P Blk_y,specialteams_ki_KO,specialteams_ki_Yds_y,specialteams_ki_TB,specialteams_ki_TB %,specialteams_ki_Ret_y,specialteams_ki_Ret Avg,specialteams_ki_OSK,specialteams_ki_OSK Rec,specialteams_ki_OOB,specialteams_ki_TD,specialteams_sc_FGM,specialteams_sc_FG %,specialteams_sc_XPM,specialteams_sc_XP Pct,specialteams_sc_KRet TD,specialteams_sc_PRet T
Commanders,636,407,64.0,6.6,4174,24,21,81.6,190,29.9,48,5,51,65,449,359,1592,4.4,14,8,0,29,99,27.6,6,407,4174,10.3,24,48,5,51,190,46.7,5,216,77,29,16,190,46.7,99,27.6,1060,14,24,39,3,598,396,66.2,7.7,4627,39,8,105.7,218,36.4,60,12,78,39,480,2155,4.5,15,14,1,64,121,25.2,8,396,4627,11.7,39,60,12,78,218,55.0,3,98,8,0,85,52,10,10,0,3,8,226,94,21,13,218,55.0,121,25.2,1117,65,1039,388,611,0,0,0,19,24,79.2,0,3,7,9,4,1,61,1,25.0,24,601,0,18,1,40,0,1,1,0,7.9,35,278,0,3,1,61,14,2,0,41.8,3050,73,46.0,66,3361,30,1,11,2,25,34,271,0,2,72,4520,64,88.9,5,27.8,3,0,1,0,19,79.2,32,91.4,0,0
Chiefs,635,421,66.3,6.9,4383,28,17,89.6,216,34.0,52,8,67,28,195,417,1784,4.3,9,10,1,48,107,25.7,2,421,4383,10.4,28,52,8,67,216,51.3,7,220,96,20,10,216,51.3,107,25.7,1080,9,28,39,0,556,340,61.2,6.0,3352,19,8,83.6,169,30.4,39,3,60,57,432,1925,4.5,10,7,4,63,107,24.8,7,340,3352,9.9,19,39,3,60,169,49.7,6,71,8,0,69,24,15,9,2,6,7,224,83,28,13,169,49.7,107,24.8,1045,28,1056,342,664,2,0,0,33,35,94.3,0,8,15,7,4,1,60,0,20.1,12,241,0,8,0,31,6,0,1,0,9.3,41,380,0,7,1,50,17,5,0,41.8,2469,59,47.0,68,2776,20,4,10,5,20,20,207,0,0,85,5565,74,87.1,11,28.3,0,0,0,0,33,94.3,38,100.0,0,0
Chargers,632,409,64.7,6.8,4312,24,8,91.8,204,32.3,55,7,79,43,355,431,1642,3.8,11,9,3,55,89,20.6,6,409,4312,10.5,24,55,7,79,204,49.9,8,237,91,32,15,204,49.9,89,20.6,1106,11,24,36,1,598,389,65.0,7.7,4580,26,9,96.4,203,34.0,61,14,70,48,467,1924,4.1,18,11,1,75,110,23.6,8,389,4580,11.8,26,61,14,70,203,52.2,3,86,9,0,31,9,15,12,0,3,8,232,89,32,19,203,52.2,110,23.6,1113,43,1087,340,677,0,0,0,31,33,93.9,0,7,8,9,9,0,55,1,21.7,18,390,0,13,1,46,2,0,0,0,16.0,24,385,1,6,1,87,29,3,0,42.3,3174,75,46.3,83,3475,30,4,8,4,31,28,221,0,0,81,5168,68,84.0,11,19.4,1,0,0,0,31,93.9,35,100.0,0,1
Vikings,631,424,67.2,7.4,4700,30,19,92.4,220,34.9,74,7,62,47,341,393,1553,4.0,7,5,0,31,79,20.1,9,424,4700,11.1,30,74,7,62,220,51.9,4,223,85,29,17,220,51.9,79,20.1,1071,7,30,39,1,606,426,70.3,7.1,4288,23,11,95.2,208,34.3,51,7,70,43,446,1678,3.8,14,2,1,43,104,23.3,7,426,4288,10.1,23,51,7,70,208,48.8,9,91,11,0,112,43,22,11,2,9,7,232,96,25,18,208,48.8,104,23.3,1095,47,1046,329,682,2,0,0,24,30,80.0,1,7,9,6,7,0,54,1,25.1,19,477,0,14,1,47,1,0,0,1,7.8,37,289,0,3,0,25,14,1,0,41.2,2470,60,48.1,68,2887,16,7,2,7,16,28,277,0,0,80,5131,61,76.2,17,23.8,1,0,1,0,24,80.0,36,94.7,0,0
Browns,624,355,56.9,6.4,4011,24,23,73.7,173,27.7,53,15,75,45,318,518,2017,3.9,15,9,3,69,121,23.4,9,355,4011,11.3,24,53,15,75,173,48.7,5,253,80,32,18,173,48.7,121,23.4,1187,15,24,42,6,535,307,57.4,5.9,3149,23,18,74.7,136,25.4,39,7,75,49,420,1793,4.3,15,18,3,74,87,20.7,5,307,3149,10.3,23,39,7,75,136,44.3,2,95,18,2,135,34,14,10,1,2,5,230,67,15,6,136,44.3,87,20.7,1004,45,1166,430,666,1,0,2,34,37,91.9,0,8,8,13,8,0,58,0,23.7,11,261,0,7,0,36,2,0,3,0,8.4,41,343,0,1,0,21,36,2,0,42.4,3819,90,49.4,73,4449,31,13,7,9,16,45,450,0,0,92,5804,54,58.7,30,21.2,0,0,0,1,34,91.9,30,90.9,0,0
Jaguars,620,412,66.4,7.1,4377,22,14,89.3,199,32.1,51,10,65,41,251,453,1646,3.6,17,9,1,62,98,21.6,5,412,4377,10.6,22,51,10,65,199,48.3,8,228,87,29,13,199,48.3,98,21.6,1114,17,22,41,3,617,404,65.5,7.1,4355,27,16,89.8,198,32.1,47,13,76,40,421,1752,4.2,15,13,1,69,99,23.5,4,404,4355,10.8,27,47,13,76,198,49.0,5,73,16,2,264,61,12,11,0,5,4,230,84,41,21,198,49.0,99,23.5,1078,41,1096,351,711,0,0,2,30,37,81.1,0,4,10,13,10,0,56,1,23.7,29,688,0,21,1,53,0,0,0,0,10.2,29,297,0,4,1,48,17,2,0,43.8,2670,61,47.4,65,2893,29,8,5,4,22,22,143,0,0,86,5421,65,75.6,14,25.4,2,0,0,1,30,81.1,35,100.0,0,0
Bengals,615,420,68.3,6.9,4257,27,14,93.0,208,33.8,46,10,80,50,362,383,1527,4.0,12,7,1,44,90,23.5,1,420,4257,10.1,27,46,10,80,208,49.5,3,218,82,20,9,208,49.5,90,23.5,1048,12,27,41,1,555,364,65.6,8.1,4480,23,17,91.4,201,36.2,65,11,86,44,456,2145,4.7,17,17,1,41,127,27.8,6,364,4480,12.3,23,65,11,86,201,55.2,4,80,17,1,152,30,11,9,0,4,6,213,87,15,7,201,55.2,127,27.8,1055,50,1050,333,653,0,0,1,26,31,83.9,0,5,6,8,12,0,56,0,22.8,17,387,0,11,2,46,0,0,0,0,10.2,34,346,1,4,1,81,16,1,0,40.3,3066,76,44.3,62,3369,20,8,8,5,26,29,203,0,0,82,5162,63,76.8,13,17.0,2,0,0,0,26,83.9,40,100.0,0,1
Cowboys,614,428,69.7,7.6,4660,36,10,104.6,229,37.3,64,7,92,40,263,468,1920,4.1,14,12,1,46,113,24.2,4,428,4660,10.9,36,64,7,92,229,53.5,6,230,111,23,13,229,53.5,113,24.2,1122,14,36,57,4,509,308,60.5,6.8,3481,21,17,80.8,166,32.6,47,7,73,46,459,1910,4.2,14,9,2,45,108,23.5,8,308,3481,11.3,21,47,7,73,166,53.9,5,82,17,5,249,63,14,8,1,5,8,211,79,37,19,166,53.9,108,23.5,1014,40,1107,342,721,1,1,5,36,38,94.7,0,9,15,4,9,1,60,1,21.8,18,393,0,10,2,63,0,0,1,0,5.4,18,98,0,0,0,15,23,1,2,44.9,1975,44,51.4,63,2262,17,2,3,2,13,24,247,0,0,109,7068,99,90.8,8,24.8,0,0,1,0,36,94.7,49,94.2,0,0
Lions,606,408,67.3,7.6,4606,30,12,98.1,228,37.6,70,9,70,31,205,500,2311,4.6,27,15,3,75,124,24.8,7,408,4606,11.3,30,70,9,70,228,55.9,4,224,93,40,21,228,55.9,124,24.8,1137,27,30,58,3,588,371,63.1,7.8,4562,28,16,91.5,209,35.5,69,9,92,41,408,1509,3.7,15,5,0,37,91,22.3,4,371,4562,12.3,28,69,9,92,209,56.3,3,57,16,1,209,50,13,6,0,3,4,202,75,26,15,209,56.3,91,22.3,1037,31,1154,410,674,0,1,1,19,21,90.5,0,3,13,3,2,0,52,0,22.2,19,421,0,11,0,31,2,1,0,1,11.4,29,331,0,3,1,42,23,1,0,41.7,2378,57,46.4,70,2646,26,3,8,5,20,21,168,0,0,93,5814,60,64.5,27,20.8,3,0,0,0,19,90.5,48,92.3,0,0
Saints,606,406,67.0,7.0,4225,28,11,94.8,199,32.8,52,11,58,35,235,480,1742,3.6,13,4,0,29,112,23.3,6,406,4225,10.4,28,52,11,58,199,49.0,0,235,91,19,9,199,49.0,112,23.3,1121,13,28,44,4,558,333,59.7,6.8,3768,22,18,79.6,167,29.9,48,9,71,34,462,2038,4.4,10,11,3,48,100,21.6,4,333,3768,11.3,22,48,9,71,167,50.2,4,68,18,1,185,74,8,11,1,4,4,226,78,26,11,167,50.2,100,21.6,1054,35,1152,428,679,1,0,1,30,37,81.1,0,12,6,10,9,0,55,0,21.2,22,466,0,11,0,28,1,1,0,0,12.2,32,392,1,2,1,76,24,0,0,39.8,2981,75,43.0,62,3224,31,10,8,4,24,29,163,0,0,91,5828,76,83.5,12,18.8,1,0,0,0,30,81.1,40,100.0,0,1
Jets,601,356,59.2,5.6,3373,11,15,70.5,156,26.0,37,3,68,64,454,388,1647,4.2,7,9,4,83,77,19.8,11,356,3373,9.5,11,37,3,68,156,43.8,2,235,61,29,17,156,43.8,77,19.8,1053,7,11,22,3,522,313,60.0,6.1,3182,19,17,76.0,150,28.7,39,7,81,48,517,2108,4.1,14,10,2,48,111,21.5,13,313,3182,10.2,19,39,7,81,150,47.9,5,89,17,2,212,51,14,10,1,5,13,242,90,16,7,150,47.9,111,21.5,1087,64,1005,330,650,1,3,2,36,39,92.3,0,8,11,14,6,0,55,1,22.6,24,542,0,16,0,34,1,2,0,0,9.7,33,319,1,2,1,65,31,3,1,41.8,4136,99,48.8,62,4831,36,8,7,8,28,48,535,1,0,73,4651,62,84.9,8,15.4,1,0,0,0,36,92.3,16,94.1,0,1
Texans,592,372,62.8,7.7,4578,27,8,96.2,215,36.3,69,10,75,47,405,444,1647,3.7,10,4,0,24,84,18.9,5,372,4578,12.3,27,69,10,75,215,57.8,3,232,88,21,8,215,57.8,84,18.9,1083,10,27,40,2,565,382,67.6,7.7,4334,17,14,90.1,185,32.7,60,15,75,46,468,1643,3.5,19,5,1,49,110,23.5,5,382,4334,11.4,17,60,15,75,185,48.4,6,73,14,0,63,33,15,10,1,6,5,227,81,29,16,185,48.4,110,23.5,1079,47,1080,383,638,1,0,0,34,38,89.5,0,13,13,4,8,0,54,0,26.6,23,613,2,15,2,98,1,0,1,0,9.7,30,292,0,2,0,22,24,2,0,43.0,3443,80,46.7,74,3735,32,6,10,5,30,29,192,0,0,87,5419,56,64.4,26,21.9,2,1,0,0,34,89.5,31,93.9,2,0
Panthers,586,350,59.7,5.5,3245,13,10,75.2,150,25.6,31,5,48,65,504,445,1769,4.0,7,9,1,48,111,24.9,5,350,3245,9.3,13,31,5,48,150,42.9,7,249,85,48,23,150,42.9,111,24.9,1096,7,13,23,3,481,309,64.2,6.5,3109,19,8,88.8,162,33.7,39,9,75,27,508,2081,4.1,25,12,3,62,122,24.0,4,309,3109,10.1,19,39,9,75,162,52.4,3,59,8,2,203,99,5,3,0,3,4,221,84,10,7,162,52.4,122,24.0,1016,65,1096,405,644,0,0,2,25,30,83.3,0,6,7,9,8,0,56,0,26.5,24,637,0,19,2,52,0,1,0,0,8.7,37,322,1,4,1,79,20,2,0,43.0,3528,82,46.8,69,3838,25,6,14,5,26,31,210,0,0,62,3749,37,59.7,20,23.9,4,0,1,0,25,83.3,17,85.0,0,1
Rams,583,361,61.9,7.4,4300,26,13,90.0,206,35.3,64,8,80,34,237,477,2045,4.3,18,11,1,56,110,23.1,2,361,4300,11.9,26,64,8,80,206,57.1,4,226,95,21,13,206,57.1,110,23.1,1094,18,26,44,4,604,367,60.8,7.0,4195,24,10,88.0,193,32.0,57,10,80,41,433,1816,4.2,14,10,1,51,108,24.9,7,367,4195,11.4,24,57,10,80,193,52.6,2,60,10,0,100,42,7,5,0,2,7,228,88,30,16,193,52.6,108,24.9,1078,34,1092,402,600,0,2,0,32,43,74.4,0,11,7,15,10,0,54,1,16.1,9,145,0,4,0,36,18,0,0,1,7.3,28,204,0,1,0,29,24,3,0,39.1,2466,63,49.2,72,3101,20,7,5,7,12,32,495,2,1,92,5865,80,87.0,11,26.9,1,0,0,0,32,74.4,32,86.5,0,0
Packers,581,374,64.4,7.2,4210,32,11,96.4,211,36.3,56,7,77,30,242,441,1905,4.3,10,13,1,40,101,22.9,6,374,4210,11.3,32,56,7,77,211,56.4,5,223,105,24,12,211,56.4,101,22.9,1052,10,32,44,2,523,342,65.4,7.3,3803,21,7,94.7,189,36.1,56,3,52,45,493,2181,4.4,15,16,1,40,120,24.3,5,342,3803,11.1,21,56,3,52,189,55.3,1,71,7,1,68,37,10,11,1,1,5,224,92,30,14,189,55.3,120,24.3,1061,30,1060,403,614,1,0,1,27,33,81.8,0,6,14,8,4,1,53,0,25.3,31,783,0,26,2,51,0,0,2,0,7.3,26,189,0,3,0,35,15,6,0,39.7,2264,57,46.2,68,2634,18,2,5,5,22,23,270,1,0,86,5466,37,43.0,40,23.8,1,0,1,0,27,81.8,34,87.2,0,0
Bills,579,385,66.5,7.4,4306,29,18,92.2,199,34.4,49,9,81,24,152,512,2212,4.3,22,9,1,42,158,30.9,9,385,4306,11.2,29,49,9,81,199,51.7,6,219,109,16,9,199,51.7,158,30.9,1115,22,29,54,3,552,363,65.8,6.7,3676,18,18,81.9,183,33.2,44,1,48,54,409,1880,4.6,14,13,2,83,96,23.5,4,363,3676,10.1,18,44,1,48,183,50.4,7,67,18,2,148,40,14,11,0,7,4,215,83,19,10,183,50.4,96,23.5,1015,24,1124,385,683,0,0,2,24,29,82.8,0,4,13,6,6,0,54,1,20.5,17,349,0,10,1,41,4,0,1,0,11.6,31,360,1,4,1,96,25,3,0,39.9,2037,51,45.8,70,2334,24,5,7,3,17,19,237,1,0,95,5952,53,55.8,29,22.4,1,0,1,1,24,82.8,49,98.0,0,1
Seahawks,575,371,64.5,7.2,4167,23,12,90.7,189,32.9,56,6,73,38,257,382,1580,4.1,11,13,1,45,93,24.4,2,371,4167,11.2,23,56,6,73,189,50.9,0,207,75,16,6,189,50.9,93,24.4,995,11,23,37,2,585,390,66.7,7.3,4259,21,11,92.1,202,34.5,57,10,54,47,515,2352,4.6,24,18,4,72,143,27.8,3,390,4259,10.9,21,57,10,54,202,51.8,5,74,11,3,177,97,13,8,0,5,3,231,107,26,13,202,51.8,143,27.8,1147,38,959,313,605,0,0,3,35,42,83.3,0,8,12,14,8,0,55,0,26.2,26,680,0,24,1,66,0,0,1,0,10.6,25,265,0,3,0,32,16,2,0,44.1,2911,66,50.0,73,3303,25,3,9,8,12,34,232,0,0,86,5428,55,64.0,22,22.2,1,0,1,0,35,83.3,33,100.0,0,0
Colts,574,355,61.8,6.8,3882,18,10,85.0,178,31.0,45,11,75,41,216,479,2059,4.3,19,14,4,56,113,23.6,4,355,3882,10.9,18,45,11,75,178,50.1,3,232,82,32,16,178,50.1,113,23.6,1094,19,18,42,4,568,370,65.1,7.3,4157,21,15,88.2,192,33.8,54,8,75,51,518,2105,4.1,22,11,1,69,123,23.8,7,370,4157,11.2,21,54,8,75,192,51.9,4,79,15,3,256,66,17,9,1,4,7,240,89,26,17,192,51.9,123,23.8,1137,41,1133,437,597,1,1,3,33,41,80.5,0,9,10,9,12,1,57,1,22.2,9,200,0,3,1,42,8,1,0,0,9.2,29,267,0,2,0,32,22,3,1,43.0,2921,68,48.2,69,3281,21,7,10,0,13,38,360,0,1,93,5960,72,77.4,15,26.1,0,0,0,0,33,80.5,35,97.2,0,0
Buccaneers,568,364,64.1,7.1,4044,28,10,94.2,188,33.1,60,12,75,40,232,439,1509,3.4,8,5,0,38,79,18.0,4,364,4044,11.1,28,60,12,75,188,51.6,7,236,98,18,12,188,51.6,79,18.0,1047,8,28,37,2,611,404,66.1,7.5,4568,23,13,92.0,213,34.9,65,9,76,48,422,1620,3.8,11,5,0,29,101,23.9,8,404,4568,11.3,23,65,9,76,213,52.7,6,89,13,1,93,28,18,12,0,6,8,225,92,25,12,213,52.7,101,23.9,1081,40,1055,383,629,0,1,1,29,31,93.6,0,8,12,3,8,0,57,2,20.4,16,327,0,7,0,32,5,0,0,0,9.4,25,234,0,1,1,51,18,2,0,41.8,3219,77,50.0,74,3854,26,11,9,9,9,38,455,0,0,82,5124,52,63.4,26,18.9,1,0,0,0,29,93.6,33,100.0,0,0
Dolphins,566,393,69.4,8.3,4698,30,15,101.2,223,39.4,59,12,78,31,184,456,2308,5.1,27,17,8,76,113,24.8,13,393,4698,12.0,30,59,12,78,223,56.7,4,202,85,25,11,223,56.7,113,24.8,1053,27,30,61,0,568,380,66.9,7.3,4132,27,15,93.0,186,32.8,57,10,75,56,433,1650,3.8,15,6,2,55,109,25.2,5,380,4132,10.9,27,57,10,75,186,49.0,6,66,15,4,270,99,15,12,0,6,5,216,84,30,14,186,49.0,109,25.2,1057,31,1046,336,654,0,0,4,24,28,85.7,0,6,7,8,7,0,57,2,24.5,18,441,0,16,0,33,1,0,0,0,9.8,27,265,0,0,0,19,26,1,0,40.7,2157,53,45.7,66,2424,20,6,8,3,19,17,207,1,0,98,6327,83,84.7,15,30.5,0,0,0,1,24,85.7,58,98.3,0,0
Eagles,563,369,65.5,7.2,4067,24,16,89.2,197,35.0,50,7,63,39,233,510,2190,4.3,22,11,1,43,149,29.2,9,369,4067,11.0,24,50,7,63,197,53.4,4,225,108,26,19,197,53.4,149,29.2,1112,22,24,49,1,652,425,65.2,7.0,4551,35,9,97.6,222,34.0,56,6,69,43,410,1758,4.3,13,8,0,29,111,27.1,5,425,4551,10.7,35,56,6,69,222,52.2,6,80,9,2,207,99,16,8,1,6,5,233,108,34,19,222,52.2,111,27.1,1105,39,1090,343,705,1,1,2,30,32,93.8,0,9,8,7,7,1,61,0,19.5,13,254,0,5,0,38,10,1,1,0,14.4,29,417,0,7,2,54,18,2,0,43.1,2240,52,48.8,63,2537,17,2,10,1,7,32,277,0,0,91,5846,73,80.2,17,28.9,1,0,0,0,30,93.8,45,97.8,0,0
Raiders,557,348,62.5,6.6,3666,20,18,80.1,182,32.7,35,5,50,40,286,413,1542,3.7,11,7,3,63,83,20.1,5,348,3666,10.5,20,35,5,50,182,52.3,3,216,77,23,14,182,52.3,83,20.1,1010,11,20,36,2,564,376,66.7,6.9,3900,21,13,89.3,187,33.2,43,11,79,46,479,2015,4.2,15,10,1,51,117,24.4,6,376,3900,10.4,21,43,11,79,187,49.7,4,78,13,3,268,75,14,9,2,4,6,227,94,26,14,187,49.7,117,24.4,1089,40,994,356,590,2,1,3,26,30,86.7,0,10,7,10,3,0,54,1,23.8,11,262,0,9,1,40,1,0,0,1,10.0,25,249,0,1,0,32,18,2,0,45.1,3380,75,50.4,83,3783,34,15,3,6,20,31,283,0,0,78,4977,48,61.5,28,22.8,1,0,0,0,26,86.7,32,100.0,0,0
Patriots,557,351,63.0,6.1,3392,16,21,73.8,153,27.5,34,4,58,48,323,415,1627,3.9,9,3,1,64,93,22.4,3,351,3392,9.7,16,34,4,58,153,43.6,5,222,67,25,9,153,43.6,93,22.4,1020,9,16,27,0,575,370,64.4,6.6,3791,19,10,87.0,181,31.5,48,6,51,36,480,1584,3.3,14,6,3,50,100,20.8,11,370,3791,10.2,19,48,6,51,181,48.9,3,89,10,0,96,32,15,8,1,3,11,237,86,19,10,181,48.9,100,20.8,1091,47,1006,339,635,1,1,0,16,25,64.0,0,4,7,10,4,0,56,0,26.2,18,471,1,13,3,98,1,0,1,0,6.3,33,208,0,2,0,25,26,5,0,40.8,3999,98,46.9,79,4598,38,14,8,8,24,44,439,0,0,61,3830,39,63.9,21,20.6,1,0,0,0,16,64.0,24,96.0,1,0
Cardinals,555,355,64.0,6.2,3430,18,12,82.9,173,31.2,38,3,69,42,286,471,2365,5.0,17,23,5,49,127,27.0,9,355,3430,9.7,18,38,3,69,173,48.7,2,225,88,34,15,173,48.7,127,27.0,1068,17,18,36,4,506,347,68.6,7.6,3846,32,11,102.9,198,39.1,49,10,63,33,521,2434,4.7,19,12,1,56,141,27.1,4,347,3846,11.1,32,49,10,63,198,57.1,2,79,11,0,98,46,6,6,1,2,4,205,97,15,7,198,57.1,141,27.1,1060,42,1055,337,673,1,0,0,28,33,84.8,0,6,8,7,11,1,62,0,21.2,18,382,0,10,1,40,1,0,0,0,9.2,31,286,0,2,1,49,11,1,0,42.9,2746,64,49.6,77,3172,13,3,10,3,12,36,366,0,0,79,4843,66,83.5,6,22.2,5,1,0,0,28,84.8,22,95.6,0,0
Falcons,530,327,61.7,7.1,3775,17,17,80.5,181,34.2,46,10,75,40,251,522,2159,4.1,14,11,0,38,121,23.2,13,327,3775,11.5,17,46,10,75,181,55.4,2,225,90,19,8,181,55.4,121,23.2,1092,14,17,32,2,549,340,61.9,6.8,3707,24,8,90.3,183,33.3,49,6,61,42,499,2009,4.0,11,14,0,38,105,21.0,9,340,3707,10.9,24,49,6,61,183,53.8,3,78,8,1,124,92,19,8,0,3,9,228,77,23,11,183,53.8,105,21.0,1090,40,1140,437,624,0,1,1,32,37,86.5,0,10,10,11,6,0,54,0,16.9,14,236,0,5,0,29,0,0,0,0,7.2,33,239,0,1,0,23,18,2,0,41.5,3110,75,47.0,66,3523,27,12,5,3,24,31,353,0,0,79,5128,66,83.5,11,23.7,0,0,1,0,32,86.5,27,96.4,0,0
Giants,518,338,65.2,6.5,3351,15,12,83.4,141,27.2,44,7,80,85,465,454,1874,4.1,10,12,0,36,97,21.4,8,338,3351,9.9,15,44,7,80,141,41.7,3,248,75,37,18,141,41.7,97,21.4,1057,10,15,29,1,582,371,63.8,7.1,4157,21,18,84.1,191,32.8,43,10,80,34,475,2251,4.7,24,15,1,76,134,28.2,6,371,4157,11.2,21,43,10,80,191,51.5,8,71,18,3,404,102,19,13,0,8,6,216,80,19,10,191,51.5,134,28.2,1091,85,1067,333,701,0,0,3,22,31,71.0,0,4,9,11,7,0,57,1,19.2,13,249,0,7,0,36,3,0,1,0,8.9,35,311,1,1,1,94,16,7,0,42.3,4022,95,46.0,74,4372,35,7,9,4,36,39,270,0,0,65,4110,38,58.5,16,23.6,0,0,1,0,22,71.0,24,96.0,0,1
Bears,513,321,62.6,6.7,3421,19,15,82.2,169,32.9,48,5,58,50,325,534,2399,4.5,16,13,0,39,137,25.7,5,321,3421,10.7,19,48,5,58,169,52.6,4,238,98,26,13,169,52.6,137,25.7,1097,16,19,37,1,617,410,66.4,6.9,4245,31,22,88.0,196,31.8,48,10,75,30,388,1468,3.8,8,6,0,36,88,22.7,6,410,4245,10.4,31,48,10,75,196,47.8,4,80,22,2,245,45,13,6,0,4,6,222,98,23,10,196,47.8,88,22.7,1035,50,1116,372,693,0,0,2,35,38,92.1,0,9,11,10,8,0,55,0,23.6,23,543,0,18,0,37,2,0,1,1,8.2,23,188,0,1,0,31,21,2,0,38.0,2547,67,46.1,76,3088,18,6,10,8,13,30,381,1,0,89,5624,71,79.8,15,24.7,2,0,0,0,35,92.1,31,93.9,0,0
Broncos,513,337,65.7,7.0,3566,28,9,96.7,154,30.0,44,13,60,52,304,451,1810,4.0,8,9,0,38,116,25.7,5,337,3566,10.6,28,44,13,60,154,45.7,7,220,81,20,13,154,45.7,116,25.7,1016,8,28,38,4,572,382,66.8,7.5,4302,29,11,98.0,201,35.1,56,8,68,42,469,2331,5.0,15,17,5,72,119,25.4,12,382,4302,11.3,29,56,8,68,201,52.6,2,66,11,0,85,33,19,15,1,2,12,202,67,34,16,201,52.6,119,25.4,1083,52,1043,368,619,1,1,0,30,34,88.2,0,11,13,5,5,0,52,1,24.9,16,398,1,11,1,99,2,1,1,0,16.3,20,326,0,5,2,52,15,1,0,42.3,3344,79,46.3,68,3659,27,7,8,6,27,31,195,0,0,82,5190,71,86.6,8,21.5,3,0,0,0,30,88.2,29,93.6,1,0
Steelers,506,323,63.8,6.8,3421,13,9,84.6,153,30.2,41,9,86,36,258,487,2010,4.1,16,14,1,74,115,23.6,9,323,3421,10.6,13,41,9,86,153,47.4,6,232,85,19,9,153,47.4,115,23.6,1029,16,13,31,1,573,348,60.7,7.3,4164,23,16,84.7,186,32.5,63,6,80,47,454,1956,4.3,9,9,3,69,95,20.9,8,348,4164,12.0,23,63,6,80,186,53.4,6,66,16,1,184,32,19,11,1,6,8,233,91,18,8,186,53.4,95,20.9,1074,36,1116,459,583,1,1,1,29,31,93.6,0,9,7,8,6,1,57,0,23.5,24,565,0,17,0,37,2,0,0,1,8.6,30,257,0,3,0,34,13,3,2,39.2,3485,89,44.0,63,3914,33,11,11,8,30,29,269,0,0,76,4833,55,72.4,18,26.4,0,0,0,0,29,93.6,27,96.4,0,0
Ravens,494,328,66.4,7.9,3881,27,7,102.5,180,36.4,52,9,80,41,246,541,2661,4.9,26,21,4,60,144,26.6,7,328,3881,11.8,27,52,9,80,180,54.9,6,207,87,14,8,180,54.9,144,26.6,1076,26,27,55,2,634,384,60.6,5.9,3717,18,18,74.6,175,27.6,46,6,71,60,415,1860,4.5,6,10,3,63,96,23.1,4,384,3717,9.7,18,46,6,71,175,45.6,3,47,18,1,258,52,16,13,0,3,4,250,91,32,13,175,45.6,96,23.1,1109,41,1077,339,704,0,1,1,32,37,86.5,0,10,10,12,4,1,50,1,24.5,13,319,0,8,1,78,4,0,0,0,14.4,29,417,1,6,2,76,27,0,0,39.8,2625,66,47.8,67,3158,28,8,4,5,17,32,433,1,1,104,6638,80,76.9,20,23.0,1,0,1,0,32,86.5,51,98.1,0,1
Titans,494,304,61.5,7.1,3512,14,11,83.2,158,32.0,54,10,70,64,445,444,1846,4.2,16,10,2,69,103,23.2,6,304,3512,11.6,14,54,10,70,158,52.0,2,212,71,20,11,158,52.0,103,23.2,1002,16,14,31,1,571,387,67.8,7.3,4181,20,6,96.4,189,33.1,52,11,59,45,480,1831,3.8,10,7,1,56,103,21.5,3,387,4181,10.8,20,52,11,59,189,48.8,2,79,6,1,86,44,13,8,0,2,3,231,89,21,12,189,48.8,103,21.5,1096,64,1031,387,587,0,0,1,29,30,96.7,0,9,9,6,6,0,53,0,20.7,18,372,0,11,0,33,14,0,1,1,7.9,42,330,0,1,0,21,14,3,0,43.5,3440,79,50.7,74,4008,36,10,9,12,19,29,328,0,1,72,4508,34,47.2,35,23.3,2,0,0,0,29,96.7,28,93.3,0,0
49ers,491,336,68.4,9.3,4577,33,12,110.2,207,42.2,75,15,76,34,193,499,2389,4.8,27,11,3,72,147,29.5,5,336,4577,13.6,33,75,15,76,207,61.6,3,179,85,13,7,207,61.6,147,29.5,1024,27,33,61,0,621,410,66.0,6.4,3949,20,22,79.6,190,30.6,45,5,60,48,369,1525,4.1,10,10,2,49,97,26.3,4,410,3949,9.6,20,45,5,60,190,46.3,6,60,22,1,309,66,10,6,0,6,4,215,88,28,14,190,46.3,97,26.3,1038,34,1069,409,625,0,1,1,21,25,84.0,0,7,9,6,3,0,57,0,21.8,20,437,0,11,0,34,0,0,0,0,8.0,34,273,0,0,0,19,13,2,0,42.7,2220,52,47.7,67,2480,26,4,11,2,13,22,220,0,0,97,6131,58,59.8,32,23.3,0,0,2,0,21,84.0,60,98.4,0,0
